id,guid,age,eyeColor,about,picture,balance
1,27ca13da-01f2-4d96-9144-40c0cd8529a9,40,blue,"Commodo in nostrud ex ea pariatur elit ex tempor. Excepteur esse officia quis adipisicing dolor aliqua deserunt voluptate eiusmod veniam excepteur ea. Amet mollit aliquip eiusmod occaecat anim mollit eiusmod.
",http://placehold.it/32x32,2831.50
2,3ef564a5-cdfe-42b6-a1b8-9529f0e3b040,34,green,"Sit ipsum et eiusmod nostrud ea tempor cupidatat in et. Sit dolore exercitation excepteur aliquip qui officia minim sunt consequat excepteur qui officia aute. Eu anim exercitation pariatur cupidatat nisi et veniam. Cillum ut sint pariatur tempor commodo. Ipsum consectetur dolore deserunt consequat officia excepteur culpa velit commodo nulla aute dolore elit. Deserunt ea ea ad elit incididunt ea.
",http://placehold.it/32x32,2868.68
3,b2243a60-4035-48d0-8048-870981ef0d16,22,green,"Sunt elit dolor ut ex qui minim culpa magna. Voluptate nostrud non adipisicing mollit cupidatat proident proident mollit magna aute non id cupidatat laborum. Deserunt elit excepteur fugiat ad magna. Aute aliqua nostrud nostrud in aliquip nisi sint ipsum officia laborum eiusmod sint exercitation aliqua. Anim irure pariatur est anim et et enim ipsum aliqua sit ut cillum id.
",http://placehold.it/32x32,1788.40
4,845fe4db-6329-44f2-80d7-60afbb67b94f,31,green,"Labore ad velit veniam non. Sit enim ex ea laboris anim aliquip. Veniam velit irure velit commodo. Incididunt culpa aliquip eiusmod quis aliquip occaecat nisi esse est voluptate. Aute incididunt culpa culpa eu eiusmod nostrud quis consectetur sint adipisicing cillum id.
",http://placehold.it/32x32,3261.93
5,6bad2d43-c48d-424e-b949-7ff8c664b965,23,blue,"In labore exercitation ea ea laborum enim tempor proident. Commodo Lorem anim laboris aliqua pariatur eu consequat adipisicing minim. Incididunt consequat aute anim Lorem aute labore proident proident qui. Nisi ad tempor voluptate deserunt Lorem sunt veniam. Excepteur tempor ullamco in ullamco et cupidatat exercitation laborum reprehenderit exercitation ad. Occaecat do culpa officia amet ad irure mollit.
",http://placehold.it/32x32,3415.04
6,9d32c121-ab6e-4e32-9101-7fe14ca18a77,34,blue,"In veniam veniam fugiat magna dolore. Labore Lorem duis velit pariatur aliqua quis deserunt elit et sunt. Laboris velit nisi amet amet enim veniam minim non dolor excepteur. Eu adipisicing voluptate sit cillum elit minim laboris ut tempor occaecat sunt proident sit. Consequat tempor ipsum amet do reprehenderit ea esse magna fugiat cillum qui exercitation Lorem consectetur. Minim do ipsum magna et est aliqua in ut esse. Pariatur nisi aliqua ex quis consectetur id dolor est anim dolor est nulla.
",http://placehold.it/32x32,1488.78
7,9da12910-1375-4cce-b243-219e4ccc135a,25,blue,"Duis veniam sunt excepteur sunt. In cillum fugiat deserunt cillum Lorem ipsum qui excepteur nisi in dolore. Elit mollit deserunt nulla reprehenderit nulla in cillum deserunt et Lorem Lorem quis. Ullamco ex sunt aliqua cupidatat id in magna occaecat adipisicing quis labore. Aliqua cupidatat quis sunt exercitation reprehenderit sit.
",http://placehold.it/32x32,2666.21
8,f52e1ae2-4851-436a-9166-3e499dfff911,39,blue,"Laboris aliquip dolore Lorem laboris voluptate fugiat. Incididunt voluptate dolore cillum consequat commodo magna. Dolore ea incididunt labore elit eiusmod et ullamco. Esse est nostrud cupidatat velit.
",http://placehold.it/32x32,1946.24
9,f32aca6f-3e4b-445e-b87d-2e018117e416,31,brown,"Dolor eiusmod non irure eu. Pariatur eu ad duis non Lorem Lorem excepteur culpa sint enim consectetur. Sit laboris cupidatat id enim pariatur labore eu amet enim Lorem. Ipsum et voluptate reprehenderit veniam reprehenderit aliqua. Non incididunt ullamco nostrud et cillum. Cillum voluptate tempor dolore quis sunt minim nostrud exercitation aute officia irure. Non ex aliqua aute esse consectetur cillum duis exercitation excepteur consectetur.
",http://placehold.it/32x32,3090.82
10,051cf780-1b06-464c-b253-776fae14dece,38,blue,"Aliqua mollit occaecat minim consectetur amet eiusmod culpa aliqua. Est dolor tempor qui deserunt excepteur id commodo. Pariatur eiusmod ex id magna sunt velit ullamco. Consectetur laborum velit pariatur duis ad ex cupidatat laborum velit dolore. Ut velit est deserunt ipsum est ad in dolor laborum. Labore pariatur sit duis aute sit.
",http://placehold.it/32x32,3559.24
11,84928286-cecc-431a-9d25-f918c3b78f0c,20,green,"Duis cillum esse minim commodo. Tempor ad fugiat amet ea pariatur officia Lorem cupidatat magna incididunt ullamco deserunt. Anim sit occaecat enim in pariatur esse laborum tempor magna cupidatat. Sint do laborum occaecat labore et magna cillum in nisi aliqua do magna Lorem sunt. Fugiat consequat laborum ea est mollit eiusmod in sint aliqua incididunt nostrud esse tempor. Sint nisi tempor mollit ullamco incididunt exercitation voluptate ea. Mollit mollit in aute irure consequat.
",http://placehold.it/32x32,2656.29
12,635f5213-6658-44c9-9ca3-9543f39c3e64,29,brown,"Labore cupidatat eu do duis ex. Incididunt do dolore ipsum laboris dolore tempor quis aute nisi cillum occaecat elit. Ullamco adipisicing ad sit nulla irure nostrud tempor eiusmod est aute excepteur tempor mollit officia. Anim aute aliqua labore laborum proident in ad reprehenderit amet ullamco amet.
",http://placehold.it/32x32,2365.77
13,3c350a04-e22e-49c9-ad36-33d898419af8,36,blue,"Fugiat duis incididunt deserunt consectetur commodo duis exercitation. Anim pariatur non magna labore minim fugiat aliquip sint amet Lorem officia. Amet aute sunt consectetur do occaecat incididunt ex.
",http://placehold.it/32x32,1118.32
14,84e22979-5bdd-44ee-a329-6b2ad767e3c1,21,blue,"Mollit incididunt sit voluptate consequat. Sunt dolor nulla occaecat tempor anim. Consequat excepteur est exercitation amet esse sunt. Aliqua fugiat ex sint ea dolore. Consequat proident magna deserunt est ad reprehenderit cillum officia dolore. Consequat culpa esse cupidatat ullamco excepteur deserunt ad.
",http://placehold.it/32x32,2260.77
15,03ec8a9b-c3c9-4bf5-8b20-ce9d49a99ba4,37,blue,"Enim ex quis dolore irure esse proident consectetur. Deserunt ipsum elit incididunt nisi commodo duis eiusmod officia aute ut veniam fugiat nisi. Adipisicing nulla irure consectetur non occaecat. Pariatur tempor aliqua laborum eiusmod. Excepteur dolor ullamco adipisicing irure voluptate officia est minim. Duis officia mollit mollit nostrud in eiusmod nisi officia qui. Aliquip enim officia elit pariatur mollit officia pariatur magna.
",http://placehold.it/32x32,1520.16
16,aa509840-37a0-4f49-b070-7f4933318a97,21,green,"Officia sit qui ipsum eu esse excepteur. Enim ex aute sint anim nisi velit consequat esse eiusmod do id. Lorem in incididunt Lorem dolore in tempor est dolor esse minim Lorem.
",http://placehold.it/32x32,3321.07
17,7d7e7a7f-d67e-48c0-92dd-0c43f8a416bd,30,blue,"Culpa labore et ea aliquip do commodo laborum. Reprehenderit sit adipisicing tempor quis est dolor do ad non qui quis. Velit fugiat sit et commodo irure amet. Commodo esse id elit proident elit.
",http://placehold.it/32x32,1154.89
18,acca0599-ad11-488d-a239-ac3eb41878a2,33,blue,"Occaecat commodo dolor in ex et duis est enim incididunt laborum officia fugiat commodo. Consequat nulla proident irure proident non ut voluptate. Culpa consequat id enim ad qui qui cupidatat cillum sint voluptate sit. Ipsum ex cupidatat velit occaecat deserunt tempor. Commodo aute excepteur labore sint cupidatat nulla id. Irure incididunt occaecat qui ut duis esse in ipsum eu.
",http://placehold.it/32x32,2742.67
19,4dc6685d-bd65-462b-933e-c60176c48cc6,25,brown,"In minim eiusmod do ullamco. Occaecat culpa ut labore occaecat cupidatat ex elit irure enim ea aliqua quis quis. Aliquip ea incididunt est minim enim non nostrud fugiat id minim tempor dolore. Est aute qui veniam cillum duis magna incididunt occaecat elit non eiusmod. Proident fugiat dolor laboris do adipisicing elit magna quis voluptate.
",http://placehold.it/32x32,1866.42
20,0dc4d452-256c-4574-8277-2464b422744d,28,blue,"Sit do magna elit nostrud magna. Duis ex amet dolore laboris dolore nulla reprehenderit minim. Laborum ullamco do excepteur cupidatat consectetur laboris dolore ullamco excepteur. Cillum Lorem laboris laborum aute ea sit aliquip. Mollit laboris esse eu reprehenderit elit dolor Lorem.
",http://placehold.it/32x32,1310.79
21,3d38ea3a-105c-430c-a1d1-5adffe1304b1,20,brown,"Pariatur mollit proident et magna velit consequat labore consectetur et ut et nostrud. Ut eu qui velit laborum commodo qui laboris. Eu qui sint id nulla elit ipsum aliqua excepteur. Laborum laboris ex tempor pariatur irure tempor aute ipsum. Mollit ad ad in veniam nulla tempor pariatur veniam.
",http://placehold.it/32x32,1814.41
22,47b185b4-b813-4ab5-a230-c06268d1e7b5,32,brown,"Sint irure proident in irure aliquip in pariatur minim sint non ipsum id excepteur. Deserunt consectetur labore ut tempor enim incididunt qui cillum proident labore culpa consectetur. Aliqua cupidatat esse quis reprehenderit anim.
",http://placehold.it/32x32,3177.77
23,92fc27a6-683c-4a8c-a08f-a2e171466dd0,22,blue,"Dolore elit qui ex nulla veniam excepteur enim veniam est ipsum reprehenderit ad anim. Aliquip laboris id laborum tempor laboris. Occaecat reprehenderit quis fugiat est laboris.
",http://placehold.it/32x32,2541.89
24,15c5d07d-e515-427b-b189-3159869477d0,25,blue,"Nisi pariatur consequat ipsum consectetur ullamco fugiat et non cupidatat. Labore incididunt cupidatat duis quis qui exercitation reprehenderit labore adipisicing ex cillum occaecat id. Aliqua ullamco Lorem ad ex esse pariatur dolor laboris in ad. Nulla aliquip consequat amet duis consequat ad in. Et est velit culpa proident incididunt occaecat proident qui laboris sunt. Fugiat sit tempor exercitation non et quis voluptate consequat deserunt elit officia velit et.
",http://placehold.it/32x32,2013.19
25,5bbf18e4-3930-4a25-93ca-698259025b57,24,blue,"Sit ipsum eiusmod dolore proident esse do nisi ut culpa dolore dolore. Duis anim irure ipsum proident incididunt non quis irure deserunt exercitation aliquip id sint esse. Culpa consectetur tempor laboris ea.
",http://placehold.it/32x32,1957.21
26,2b9eea6d-e6a7-4c22-b515-351b1586630d,31,blue,"Nostrud minim commodo commodo consectetur non. Minim voluptate incididunt fugiat dolore ea cillum irure. Commodo consequat duis excepteur consequat in nisi. Sint officia voluptate aute commodo et. Excepteur commodo adipisicing nulla voluptate esse. Cillum non eiusmod culpa est esse est et sunt laborum ea.
",http://placehold.it/32x32,2099.79
27,b626bfad-ee81-4aba-9173-71d59a5c7f59,31,blue,"Laboris incididunt minim nisi sint sit excepteur fugiat. Aute cillum laborum non magna adipisicing exercitation aliqua. Adipisicing voluptate ad pariatur ullamco. Sint cupidatat adipisicing et irure do aliqua occaecat culpa.
",http://placehold.it/32x32,2617.75
28,9fedaa55-47f8-47e8-8e19-2290106a108a,33,green,"Velit cupidatat sunt duis et ipsum commodo irure in nisi. Commodo in magna est occaecat anim velit in non ea adipisicing cupidatat est ea. Pariatur excepteur amet velit laborum occaecat qui aliqua fugiat pariatur nulla excepteur. Deserunt amet velit ipsum dolor exercitation laborum in velit. Irure aute sint veniam aliqua ut ad enim consequat esse deserunt et. Duis nostrud ea aute do. Cillum cupidatat sit in consequat ad consequat ipsum nulla elit in deserunt reprehenderit ea culpa.
",http://placehold.it/32x32,1825.19
29,ac5aaa6a-11e4-4eab-93ed-b5d80bcacb10,26,green,"Adipisicing officia ea anim consectetur tempor nulla aliqua pariatur eu sint. Sit incididunt dolore nostrud commodo qui Lorem eiusmod cupidatat duis. Adipisicing est eu enim mollit reprehenderit ea fugiat mollit. Nulla dolor proident do aute tempor et quis. Aute exercitation non aliqua anim dolore fugiat ea nostrud laborum excepteur occaecat pariatur. Mollit ipsum irure aliqua quis culpa fugiat eu consequat occaecat mollit aliqua amet. Enim culpa et ad labore tempor commodo quis sunt voluptate cupidatat Lorem.
",http://placehold.it/32x32,3754.70
30,876aab23-41aa-4003-8d2f-29a5f4aae298,26,brown,"Dolore tempor mollit magna elit exercitation esse incididunt quis aute voluptate culpa ullamco. Exercitation duis et laborum commodo enim duis eiusmod sunt est. Deserunt nisi fugiat est eu.
",http://placehold.it/32x32,3733.00
31,1472a56f-b4c2-4ba9-bfd0-633eee4a268c,22,green,"Magna ullamco culpa pariatur deserunt dolore culpa. Ex qui aliquip cillum dolore et irure incididunt fugiat enim Lorem ut consequat. Nulla do sunt ad nulla ipsum minim aliqua est eu voluptate amet eiusmod sit anim.
",http://placehold.it/32x32,2464.01
32,3c1d8800-cf73-4edd-8d03-5b0d6ed5ab4d,32,brown,"Et officia nostrud ullamco velit pariatur elit. Excepteur ea magna nisi reprehenderit qui minim deserunt est nulla ullamco. Consequat commodo ipsum adipisicing velit aute magna labore est enim laboris eiusmod incididunt velit. Velit pariatur exercitation sint proident.
",http://placehold.it/32x32,3663.71
33,fdf18736-9fe1-4778-8c9f-fea4a5aa1858,34,green,"Commodo esse consectetur nulla labore eiusmod ad proident aute cillum exercitation enim dolor deserunt nostrud. Voluptate proident sint mollit minim est eiusmod dolor in exercitation amet minim. Lorem cupidatat eu cillum nostrud elit dolore occaecat ullamco adipisicing fugiat exercitation fugiat ad cupidatat. Veniam labore duis tempor enim exercitation ullamco ipsum.
",http://placehold.it/32x32,3987.85
34,b566fa1d-533a-4799-9961-433a04732d61,29,brown,"Dolor voluptate anim pariatur sunt ex duis nisi quis nisi commodo commodo sunt enim. In elit et enim do aliqua est et aute consectetur. Consequat esse esse adipisicing duis excepteur laboris consequat ullamco. Commodo quis ullamco ex cillum amet laboris qui adipisicing cillum nisi.
",http://placehold.it/32x32,2281.89
35,6fb93b45-bde2-4a50-8d90-6ba467ca20f2,39,blue,"Duis laborum ea nulla do ut amet nulla enim. Labore eiusmod pariatur fugiat consequat est cupidatat exercitation. Duis enim nisi pariatur fugiat magna. Enim nulla magna cillum ea labore. Aliqua id veniam est incididunt irure.
",http://placehold.it/32x32,1786.05
36,8f1f0771-cc4a-4876-9376-e5b6205ba3df,33,brown,"Non tempor commodo aute labore aliqua in amet nulla dolore. Ad cillum consequat eu ipsum adipisicing id ad consequat velit sunt commodo. Irure proident ut laborum et consectetur ea. Non mollit et aute duis dolor excepteur nulla ipsum.
",http://placehold.it/32x32,2472.95
37,a1f91075-b372-453d-8191-313d282a0be9,25,brown,"Cupidatat nostrud fugiat do amet velit incididunt aliqua officia non deserunt. Est sint pariatur anim ipsum. Cillum quis laborum mollit amet reprehenderit sunt. Sunt dolore nulla sint tempor id. Ut exercitation esse excepteur ullamco tempor occaecat voluptate ex excepteur nisi exercitation.
",http://placehold.it/32x32,3303.49
38,dc47a28b-1e50-4a15-b3c4-d2127587f1cd,28,brown,"Sunt reprehenderit magna aute dolore. Qui velit adipisicing consectetur labore culpa dolore deserunt culpa deserunt reprehenderit cillum pariatur et dolor. Tempor nisi nostrud velit proident labore. Irure incididunt culpa amet aliquip reprehenderit non quis Lorem. Aliquip nostrud sint aliqua nisi pariatur culpa anim do ad enim eu incididunt in laborum.
",http://placehold.it/32x32,3917.56
39,296458d7-b147-4a4a-b32f-ac58339165fe,30,green,"Aliquip laboris consectetur enim aliqua esse et dolor amet dolore. Ea nostrud in qui culpa non minim adipisicing aute cupidatat. Ullamco tempor est pariatur dolore est consectetur commodo quis qui enim. Magna laborum qui non et excepteur deserunt incididunt ullamco consequat veniam sit tempor sint non. Laboris in pariatur quis est laborum dolor voluptate pariatur excepteur eiusmod quis irure eiusmod dolore.
",http://placehold.it/32x32,2095.88
40,5a52f4f7-cafd-400a-a4d7-4dbc672d4c66,36,blue,"Commodo ullamco minim veniam veniam velit. Laborum enim duis velit tempor amet laborum deserunt pariatur sunt qui laboris. Dolore anim eiusmod nisi ea Lorem culpa aute proident excepteur officia incididunt exercitation. Officia nulla enim deserunt dolor nostrud.
",http://placehold.it/32x32,3163.81
41,d52ac2f5-c841-4060-89fa-ef8f7e3528c4,24,brown,"Et reprehenderit esse occaecat amet fugiat occaecat dolor et in laboris culpa laboris adipisicing officia. Incididunt sit pariatur aliquip est nulla pariatur ut proident anim. Cillum magna dolore dolor fugiat sunt. Culpa cillum velit excepteur in tempor incididunt duis ad pariatur amet velit quis do magna.
",http://placehold.it/32x32,2132.20
42,d58e9b51-0a0a-4803-bab5-0307d46c19c9,20,brown,"Excepteur officia sunt tempor occaecat esse tempor exercitation consectetur irure et. Ipsum ut non culpa elit cillum quis. Eu voluptate mollit magna incididunt id. Mollit quis officia adipisicing exercitation ex cillum sit dolor ullamco consectetur non. Pariatur ad duis anim adipisicing aliqua minim consequat. Aliquip in pariatur consectetur velit ad ex tempor. Duis pariatur reprehenderit ad nulla dolore fugiat amet irure tempor sit Lorem.
",http://placehold.it/32x32,1439.52
43,7d87c512-ff87-4f51-bab7-1ebb5576e513,28,brown,"Elit ipsum aliqua et in do consectetur voluptate quis do deserunt ut aliquip magna voluptate. Proident laboris adipisicing minim enim. Nulla qui id duis anim anim enim excepteur in ea sunt in. Adipisicing sit ut irure aliquip duis non culpa quis commodo incididunt. Aute amet incididunt ea culpa ipsum adipisicing.
",http://placehold.it/32x32,1330.19
44,cd3999fa-e5e6-4c38-93a1-8cad093d6203,23,brown,"Non tempor est enim do non. Eu aute aliqua occaecat ex cupidatat labore irure est nostrud incididunt et deserunt. Elit aliqua reprehenderit in proident laboris anim amet aute enim amet nostrud est dolor. Proident aliqua do excepteur consectetur non dolore elit sit veniam duis laborum Lorem. Aliqua mollit tempor elit ipsum deserunt aliquip duis eiusmod dolor. Elit mollit est ipsum ad anim.
",http://placehold.it/32x32,3211.66
45,8f3b7f98-fbfb-4e2f-9fc6-003324c22b5d,27,blue,"Est cupidatat ea voluptate sit nulla culpa sunt id ea. Aliqua excepteur occaecat nulla incididunt officia aute nisi. Dolor officia fugiat ea amet deserunt id. Nostrud fugiat fugiat eiusmod duis in non do irure aliqua enim tempor velit ipsum incididunt. Est esse ullamco laborum cillum voluptate nulla excepteur et fugiat sunt. Sint mollit mollit velit elit tempor magna sint culpa ex.
",http://placehold.it/32x32,3515.74
46,bb47ed49-38f2-4024-94e8-e8b7e38f2b97,33,blue,"Et minim occaecat Lorem aliqua adipisicing excepteur aute consectetur minim veniam sit ex et sunt. Et et eu anim incididunt enim. Tempor minim minim quis aliquip cillum mollit minim. Commodo sit anim do cillum.
",http://placehold.it/32x32,1683.39
47,963c6986-3b04-4f76-90d5-347be9d88c37,27,blue,"Ad consequat reprehenderit ut ad tempor cillum veniam nulla anim qui consequat. Do aliquip id quis est ad deserunt in occaecat commodo cupidatat ea et. Cillum adipisicing duis dolore non. Ad nisi magna voluptate sint laboris veniam sint cupidatat.
",http://placehold.it/32x32,2832.25
48,d27930c2-b5f8-4e60-b6eb-5d42185d041d,20,green,"Aliquip consectetur velit ipsum eiusmod exercitation adipisicing sunt elit quis eiusmod id. Labore tempor amet deserunt quis adipisicing ullamco. Aliqua do ex consequat eiusmod. Do dolor cupidatat et mollit tempor qui reprehenderit ea culpa ex magna dolor amet.
",http://placehold.it/32x32,1205.24
49,723fb137-ddd2-4eb7-b212-fb37277db1fb,22,brown,"Proident excepteur labore ut officia dolore labore aliqua minim dolore tempor incididunt ut consectetur nulla. Fugiat pariatur amet cillum non. Velit tempor et aliqua anim anim labore id sint quis et. Duis quis cillum dolor eiusmod mollit Lorem culpa duis consectetur. Excepteur commodo enim amet laborum nulla. Pariatur proident labore mollit incididunt officia dolore do et pariatur ipsum et laborum eu occaecat.
",http://placehold.it/32x32,2183.66
50,5121a70c-cc4b-4f7d-b259-67af36b14af2,38,brown,"Do et qui non sit eiusmod. Quis ut laborum velit reprehenderit et id commodo proident esse amet in proident amet incididunt. Magna id pariatur irure veniam. Nostrud anim qui nostrud consequat duis dolor anim proident mollit. Sint velit veniam eiusmod labore. Sunt tempor esse exercitation esse exercitation cillum minim nostrud duis occaecat enim eiusmod nisi exercitation.
",http://placehold.it/32x32,3469.03
51,7cc0abb4-7c58-4019-9953-236578f741ea,33,blue,"Proident irure reprehenderit est fugiat mollit qui exercitation aute id minim. Mollit est anim ad consectetur cupidatat consectetur et nisi ullamco sit cupidatat. Aliquip ad aliqua est nisi velit ad sint proident deserunt sit consectetur mollit culpa. Commodo enim amet duis proident nulla. Exercitation minim esse fugiat cillum sit sit.
",http://placehold.it/32x32,1231.65
52,99b0edd0-39e7-4c18-9ac9-ffe555ec48d7,23,green,"Tempor Lorem mollit deserunt exercitation id amet irure minim non anim proident nostrud veniam fugiat. Cupidatat consequat esse do consequat exercitation exercitation cupidatat non magna. Amet officia mollit velit sint reprehenderit consectetur ea. Irure sint laborum ullamco sunt elit fugiat deserunt pariatur incididunt fugiat minim amet. Laborum nostrud non enim nisi ad irure occaecat nisi eiusmod. Laborum culpa deserunt et cillum laborum consequat magna.
",http://placehold.it/32x32,1261.11
53,65c1396c-0d05-4723-9a77-b14d42e2b3bf,34,blue,"Cillum adipisicing ut nostrud aute id ullamco ullamco officia aute ut esse fugiat. Elit culpa eiusmod mollit sint ad. Et id amet fugiat eu quis dolor officia. Id adipisicing aute reprehenderit ipsum excepteur cillum.
",http://placehold.it/32x32,3402.86
54,a84f847a-119b-41a6-8b5d-05fa9fe02211,31,green,"Sint tempor enim aliquip dolor anim eu consectetur in veniam voluptate occaecat nostrud aliqua Lorem. Enim adipisicing elit laboris dolor amet cupidatat. Duis proident proident nostrud culpa fugiat nisi Lorem aliqua tempor. Ad enim enim eu in nulla fugiat ea adipisicing reprehenderit exercitation ad cillum. Eu sit et nisi deserunt eu.
",http://placehold.it/32x32,2744.74
55,db2ee2b7-6573-471f-95a9-2043f4530242,23,brown,"Fugiat exercitation pariatur magna Lorem consectetur ad laborum sint ipsum dolor mollit officia. Duis duis mollit aliqua voluptate esse consequat cillum consequat minim ad sint aute. Veniam nisi Lorem amet ipsum elit enim Lorem officia duis id. Voluptate officia enim aliqua cupidatat laborum fugiat culpa ut do. Nulla reprehenderit est mollit ipsum.
",http://placehold.it/32x32,3761.29
56,a63d5ffa-9ccf-4507-a48a-622934cc928e,33,green,"Consequat enim cupidatat officia sunt reprehenderit voluptate sunt reprehenderit adipisicing ea laboris officia. Pariatur non sint culpa pariatur cillum eu excepteur eiusmod do qui Lorem. Aute culpa veniam aliquip eiusmod consectetur eu quis reprehenderit nulla enim minim nisi. Ad culpa ullamco et labore velit. Nostrud ut deserunt laborum veniam occaecat proident nostrud id. Fugiat qui Lorem non anim et voluptate proident incididunt laborum velit.
",http://placehold.it/32x32,3147.08
57,07ab2d52-42b3-413d-906d-2fec5e9731cc,23,green,"Ex non voluptate esse ad ex incididunt aute labore esse ex veniam. Esse amet sint ad aliqua sint minim non anim excepteur. Minim non sit sunt non ipsum culpa ut velit aute pariatur. Ullamco irure ipsum excepteur nulla minim consectetur ipsum nostrud ullamco.
",http://placehold.it/32x32,3536.98
58,421b2a0b-3aab-4c34-b363-325ebc56da82,24,blue,"Reprehenderit aliquip nostrud sunt culpa ut irure adipisicing exercitation id deserunt consequat in amet. Exercitation deserunt in amet nisi ea aute fugiat est Lorem aliqua adipisicing non ad. Fugiat qui eu aliquip exercitation labore. Anim nulla tempor ea et labore.
",http://placehold.it/32x32,2493.93
59,8d12366b-40a6-4c69-b67c-efaddd05db38,22,green,"Proident laborum cillum adipisicing esse dolor nostrud mollit enim sint tempor. Veniam reprehenderit anim elit qui. Velit reprehenderit incididunt amet sunt proident sit elit adipisicing anim ea Lorem dolore occaecat. Non est cupidatat excepteur culpa aliqua nostrud adipisicing consectetur magna dolor. Incididunt dolore anim duis aliquip qui non cupidatat et ad. Sit amet est ex tempor Lorem qui eiusmod excepteur aute ipsum aliquip.
",http://placehold.it/32x32,1503.07
60,09f63a62-6e9f-4dd7-9651-28c636ca17c0,28,green,"Nulla nostrud dolor consectetur consequat consectetur laborum veniam do cillum magna exercitation reprehenderit deserunt do. Ea ea tempor ex velit labore. Eu esse nostrud Lorem irure veniam velit incididunt reprehenderit enim cupidatat aliqua ipsum aliqua dolor.
",http://placehold.it/32x32,2406.70
61,d310671f-7576-4310-91eb-aebaf4332a73,21,green,"Lorem incididunt enim dolore culpa nulla voluptate incididunt Lorem. Enim labore excepteur ea exercitation cillum mollit tempor non eu occaecat. Incididunt nisi anim culpa do incididunt elit magna amet esse dolore labore do adipisicing.
",http://placehold.it/32x32,1051.44
62,532aa72b-f792-40f5-ae52-cee44bde1dd9,31,brown,"Ullamco sunt est incididunt labore dolor eiusmod proident veniam nisi non labore ut sit. Qui reprehenderit esse dolor anim esse cupidatat culpa laborum duis ipsum. Laborum qui nisi tempor commodo incididunt culpa incididunt laboris amet nulla qui sit minim.
",http://placehold.it/32x32,3468.55
63,5a3faa1f-c442-478c-95ab-4b8cb56c22a2,27,green,"Esse consequat eu aute aliqua laboris tempor excepteur laboris dolore reprehenderit ex aliquip do cupidatat. Culpa ut amet culpa laboris. Cupidatat dolor velit nulla Lorem laboris ad laborum culpa eiusmod cupidatat. Ipsum irure laboris reprehenderit quis. Pariatur commodo amet irure ipsum ut ex proident ad elit officia et officia.
",http://placehold.it/32x32,2532.77
